{
  "accuracy": 0.951,
  "per_class": {
    "malaria": {
      "precision": 0.9238095238095239,
      "recall": 0.97,
      "f1-score": 0.9463414634146341,
      "support": 100.0
    },
    "dengue": {
      "precision": 0.9897959183673469,
      "recall": 0.97,
      "f1-score": 0.9797979797979798,
      "support": 100.0
    },
    "typhoid": {
      "precision": 0.9029126213592233,
      "recall": 0.93,
      "f1-score": 0.916256157635468,
      "support": 100.0
    },
    "tuberculosis": {
      "precision": 0.9705882352941176,
      "recall": 0.99,
      "f1-score": 0.9801980198019802,
      "support": 100.0
    },
    "pneumonia": {
      "precision": 0.9326923076923077,
      "recall": 0.97,
      "f1-score": 0.9509803921568627,
      "support": 100.0
    },
    "common_cold": {
      "precision": 0.9591836734693877,
      "recall": 0.94,
      "f1-score": 0.9494949494949495,
      "support": 100.0
    },
    "gastroenteritis": {
      "precision": 0.9696969696969697,
      "recall": 0.96,
      "f1-score": 0.964824120603015,
      "support": 100.0
    },
    "anemia": {
      "precision": 0.9895833333333334,
      "recall": 0.95,
      "f1-score": 0.9693877551020408,
      "support": 100.0
    },
    "heat_stroke": {
      "precision": 0.9789473684210527,
      "recall": 0.93,
      "f1-score": 0.9538461538461539,
      "support": 100.0
    },
    "flu": {
      "precision": 0.9,
      "recall": 0.9,
      "f1-score": 0.9,
      "support": 100.0
    },
    "accuracy": 0.951,
    "macro avg": {
      "precision": 0.9517209951443263,
      "recall": 0.951,
      "f1-score": 0.9511126991853084,
      "support": 1000.0
    },
    "weighted avg": {
      "precision": 0.9517209951443264,
      "recall": 0.951,
      "f1-score": 0.9511126991853083,
      "support": 1000.0
    }
  },
  "confusion_matrix": [
    [
      97,
      0,
      2,
      0,
      0,
      0,
      0,
      0,
      0,
      1
    ],
    [
      1,
      97,
      1,
      0,
      0,
      0,
      0,
      0,
      0,
      1
    ],
    [
      3,
      0,
      93,
      1,
      0,
      0,
      1,
      0,
      0,
      2
    ],
    [
      0,
      0,
      0,
      99,
      0,
      0,
      0,
      0,
      1,
      0
    ],
    [
      1,
      0,
      0,
      1,
      97,
      0,
      0,
      0,
      1,
      0
    ],
    [
      0,
      0,
      0,
      0,
      0,
      94,
      1,
      0,
      0,
      5
    ],
    [
      0,
      0,
      2,
      0,
      2,
      0,
      96,
      0,
      0,
      0
    ],
    [
      0,
      0,
      2,
      0,
      1,
      0,
      1,
      95,
      0,
      1
    ],
    [
      1,
      1,
      2,
      1,
      1,
      0,
      0,
      1,
      93,
      0
    ],
    [
      2,
      0,
      1,
      0,
      3,
      4,
      0,
      0,
      0,
      90
    ]
  ],
  "class_labels": [
    "malaria",
    "dengue",
    "typhoid",
    "tuberculosis",
    "pneumonia",
    "common_cold",
    "gastroenteritis",
    "anemia",
    "heat_stroke",
    "flu"
  ],
  "train_size": 4000,
  "test_size": 1000
}