{
  "accuracy": 0.9137,
  "cv_accuracy_mean": 0.9301,
  "cv_accuracy_std": 0.0043,
  "per_class": {
    "malaria": {
      "precision": 0.933920704845815,
      "recall": 0.9592760180995475,
      "f1-score": 0.9464285714285714,
      "support": 221.0
    },
    "dengue": {
      "precision": 0.9956896551724138,
      "recall": 0.9746835443037974,
      "f1-score": 0.9850746268656716,
      "support": 237.0
    },
    "pneumonia": {
      "precision": 0.9087136929460581,
      "recall": 0.9201680672268907,
      "f1-score": 0.9144050104384134,
      "support": 238.0
    },
    "heat_stroke": {
      "precision": 0.9696969696969697,
      "recall": 0.9696969696969697,
      "f1-score": 0.9696969696969697,
      "support": 132.0
    },
    "cholera": {
      "precision": 0.8125,
      "recall": 0.91,
      "f1-score": 0.8584905660377359,
      "support": 100.0
    },
    "typhoid": {
      "precision": 0.8614232209737828,
      "recall": 0.9090909090909091,
      "f1-score": 0.8846153846153846,
      "support": 253.0
    },
    "tuberculosis": {
      "precision": 0.9805825242718447,
      "recall": 0.9853658536585366,
      "f1-score": 0.9829683698296837,
      "support": 205.0
    },
    "gastroenteritis": {
      "precision": 0.9018867924528302,
      "recall": 0.8884758364312267,
      "f1-score": 0.8951310861423221,
      "support": 269.0
    },
    "anemia": {
      "precision": 0.9482758620689655,
      "recall": 0.9417808219178082,
      "f1-score": 0.9450171821305842,
      "support": 292.0
    },
    "jaundice": {
      "precision": 0.8875,
      "recall": 0.9161290322580645,
      "f1-score": 0.9015873015873016,
      "support": 310.0
    },
    "urinary_tract_infection": {
      "precision": 0.7804878048780488,
      "recall": 0.7207207207207207,
      "f1-score": 0.7494145199063232,
      "support": 222.0
    },
    "asthma_attack": {
      "precision": 0.9005847953216374,
      "recall": 0.8700564971751412,
      "f1-score": 0.8850574712643678,
      "support": 177.0
    },
    "common_cold": {
      "precision": 0.9751381215469613,
      "recall": 0.9438502673796791,
      "f1-score": 0.9592391304347826,
      "support": 374.0
    },
    "flu": {
      "precision": 0.8744939271255061,
      "recall": 0.8744939271255061,
      "f1-score": 0.8744939271255061,
      "support": 247.0
    },
    "chickenpox": {
      "precision": 0.9142857142857143,
      "recall": 0.9142857142857143,
      "f1-score": 0.9142857142857143,
      "support": 140.0
    },
    "accuracy": 0.9136669593210418,
    "macro avg": {
      "precision": 0.9096786523724366,
      "recall": 0.9132049452913674,
      "f1-score": 0.9110603887859556,
      "support": 3417.0
    },
    "weighted avg": {
      "precision": 0.9139188859108615,
      "recall": 0.9136669593210418,
      "f1-score": 0.9134986922814914,
      "support": 3417.0
    }
  },
  "confusion_matrix": [
    [
      212,
      0,
      0,
      0,
      0,
      4,
      0,
      0,
      1,
      0,
      1,
      0,
      0,
      2,
      1
    ],
    [
      0,
      231,
      0,
      0,
      0,
      1,
      0,
      1,
      0,
      1,
      1,
      0,
      0,
      0,
      2
    ],
    [
      1,
      0,
      219,
      1,
      0,
      0,
      0,
      1,
      0,
      0,
      2,
      7,
      0,
      7,
      0
    ],
    [
      2,
      0,
      0,
      128,
      0,
      0,
      0,
      1,
      0,
      0,
      1,
      0,
      0,
      0,
      0
    ],
    [
      0,
      0,
      0,
      0,
      91,
      0,
      0,
      9,
      0,
      0,
      0,
      0,
      0,
      0,
      0
    ],
    [
      7,
      0,
      0,
      0,
      0,
      230,
      0,
      3,
      1,
      0,
      7,
      0,
      0,
      2,
      3
    ],
    [
      0,
      0,
      0,
      0,
      0,
      0,
      202,
      0,
      1,
      2,
      0,
      0,
      0,
      0,
      0
    ],
    [
      0,
      0,
      0,
      0,
      19,
      6,
      0,
      239,
      0,
      1,
      3,
      1,
      0,
      0,
      0
    ],
    [
      0,
      0,
      1,
      2,
      0,
      1,
      1,
      0,
      275,
      3,
      3,
      3,
      0,
      2,
      1
    ],
    [
      0,
      0,
      0,
      0,
      0,
      1,
      0,
      5,
      3,
      284,
      17,
      0,
      0,
      0,
      0
    ],
    [
      1,
      1,
      0,
      0,
      2,
      10,
      1,
      5,
      1,
      29,
      160,
      3,
      3,
      5,
      1
    ],
    [
      0,
      0,
      14,
      0,
      0,
      1,
      0,
      0,
      7,
      0,
      1,
      154,
      0,
      0,
      0
    ],
    [
      0,
      0,
      1,
      0,
      0,
      1,
      1,
      0,
      0,
      0,
      5,
      0,
      353,
      11,
      2
    ],
    [
      4,
      0,
      5,
      1,
      0,
      5,
      0,
      0,
      1,
      0,
      4,
      3,
      6,
      216,
      2
    ],
    [
      0,
      0,
      1,
      0,
      0,
      7,
      1,
      1,
      0,
      0,
      0,
      0,
      0,
      2,
      128
    ]
  ],
  "class_labels": [
    "malaria",
    "dengue",
    "pneumonia",
    "heat_stroke",
    "cholera",
    "typhoid",
    "tuberculosis",
    "gastroenteritis",
    "anemia",
    "jaundice",
    "urinary_tract_infection",
    "asthma_attack",
    "common_cold",
    "flu",
    "chickenpox"
  ],
  "train_size": 22410,
  "test_size": 3417,
  "n_diseases": 15,
  "n_features": 36,
  "model_params": {
    "n_estimators": 200,
    "max_depth": 5,
    "learning_rate": 0.1
  }
}