{
  "accuracy": 0.8992,
  "cv_accuracy_mean": 0.9004,
  "cv_accuracy_std": 0.0046,
  "per_class": {
    "malaria": {
      "precision": 0.961038961038961,
      "recall": 0.925,
      "f1-score": 0.9426751592356688,
      "support": 160.0
    },
    "dengue": {
      "precision": 0.9936708860759493,
      "recall": 0.98125,
      "f1-score": 0.9874213836477987,
      "support": 160.0
    },
    "pneumonia": {
      "precision": 0.9090909090909091,
      "recall": 0.9375,
      "f1-score": 0.9230769230769231,
      "support": 160.0
    },
    "heat_stroke": {
      "precision": 0.98125,
      "recall": 0.98125,
      "f1-score": 0.98125,
      "support": 160.0
    },
    "cholera": {
      "precision": 0.8734177215189873,
      "recall": 0.8625,
      "f1-score": 0.8679245283018868,
      "support": 160.0
    },
    "typhoid": {
      "precision": 0.84375,
      "recall": 0.84375,
      "f1-score": 0.84375,
      "support": 160.0
    },
    "tuberculosis": {
      "precision": 0.968944099378882,
      "recall": 0.975,
      "f1-score": 0.9719626168224299,
      "support": 160.0
    },
    "gastroenteritis": {
      "precision": 0.775,
      "recall": 0.775,
      "f1-score": 0.775,
      "support": 160.0
    },
    "anemia": {
      "precision": 0.9207317073170732,
      "recall": 0.94375,
      "f1-score": 0.9320987654320988,
      "support": 160.0
    },
    "jaundice": {
      "precision": 0.8333333333333334,
      "recall": 0.75,
      "f1-score": 0.7894736842105263,
      "support": 160.0
    },
    "urinary_tract_infection": {
      "precision": 0.7028571428571428,
      "recall": 0.76875,
      "f1-score": 0.7343283582089553,
      "support": 160.0
    },
    "asthma_attack": {
      "precision": 0.9135802469135802,
      "recall": 0.925,
      "f1-score": 0.9192546583850931,
      "support": 160.0
    },
    "common_cold": {
      "precision": 0.9805194805194806,
      "recall": 0.94375,
      "f1-score": 0.9617834394904459,
      "support": 160.0
    },
    "flu": {
      "precision": 0.9433962264150944,
      "recall": 0.9375,
      "f1-score": 0.9404388714733543,
      "support": 160.0
    },
    "chickenpox": {
      "precision": 0.9036144578313253,
      "recall": 0.9375,
      "f1-score": 0.9202453987730062,
      "support": 160.0
    },
    "accuracy": 0.8991666666666667,
    "macro avg": {
      "precision": 0.9002796781527148,
      "recall": 0.8991666666666667,
      "f1-score": 0.8993789191372124,
      "support": 2400.0
    },
    "weighted avg": {
      "precision": 0.9002796781527144,
      "recall": 0.8991666666666667,
      "f1-score": 0.8993789191372126,
      "support": 2400.0
    }
  },
  "confusion_matrix": [
    [
      148,
      1,
      0,
      2,
      0,
      3,
      0,
      1,
      0,
      0,
      4,
      0,
      0,
      0,
      1
    ],
    [
      0,
      157,
      0,
      0,
      0,
      0,
      0,
      0,
      0,
      0,
      1,
      0,
      0,
      0,
      2
    ],
    [
      0,
      0,
      150,
      0,
      0,
      0,
      1,
      0,
      0,
      0,
      0,
      8,
      0,
      1,
      0
    ],
    [
      1,
      0,
      0,
      157,
      0,
      0,
      0,
      0,
      1,
      0,
      0,
      1,
      0,
      0,
      0
    ],
    [
      0,
      0,
      0,
      0,
      138,
      0,
      0,
      19,
      0,
      0,
      3,
      0,
      0,
      0,
      0
    ],
    [
      3,
      0,
      0,
      0,
      0,
      135,
      1,
      4,
      1,
      1,
      5,
      0,
      0,
      2,
      8
    ],
    [
      0,
      0,
      2,
      0,
      0,
      0,
      156,
      0,
      1,
      0,
      0,
      1,
      0,
      0,
      0
    ],
    [
      0,
      0,
      0,
      0,
      20,
      8,
      1,
      124,
      1,
      1,
      5,
      0,
      0,
      0,
      0
    ],
    [
      0,
      0,
      0,
      0,
      0,
      1,
      0,
      1,
      151,
      0,
      4,
      2,
      1,
      0,
      0
    ],
    [
      0,
      0,
      1,
      0,
      0,
      1,
      0,
      7,
      3,
      120,
      27,
      0,
      0,
      0,
      1
    ],
    [
      1,
      0,
      0,
      0,
      0,
      4,
      0,
      3,
      2,
      22,
      123,
      1,
      0,
      3,
      1
    ],
    [
      0,
      0,
      9,
      0,
      0,
      0,
      1,
      0,
      2,
      0,
      0,
      148,
      0,
      0,
      0
    ],
    [
      0,
      0,
      1,
      0,
      0,
      2,
      0,
      0,
      0,
      0,
      1,
      1,
      151,
      3,
      1
    ],
    [
      1,
      0,
      1,
      0,
      0,
      1,
      1,
      0,
      1,
      0,
      1,
      0,
      2,
      150,
      2
    ],
    [
      0,
      0,
      1,
      1,
      0,
      5,
      0,
      1,
      1,
      0,
      1,
      0,
      0,
      0,
      150
    ]
  ],
  "class_labels": [
    "malaria",
    "dengue",
    "pneumonia",
    "heat_stroke",
    "cholera",
    "typhoid",
    "tuberculosis",
    "gastroenteritis",
    "anemia",
    "jaundice",
    "urinary_tract_infection",
    "asthma_attack",
    "common_cold",
    "flu",
    "chickenpox"
  ],
  "train_size": 9600,
  "test_size": 2400,
  "n_diseases": 15,
  "n_features": 36,
  "model_params": {
    "n_estimators": 200,
    "max_depth": 5,
    "learning_rate": 0.1
  }
}